{"cameraMode":{"drawMode":0,"name":"Shaded","section":"Shading Mode"},"sceneLighting":true,"audioPlay":false,"sceneViewState":{"showFog":true,"showMaterialUpdate":false,"showSkybox":true,"showFlares":true,"showImageEffects":true,"showParticleSystems":true},"in2DMode":false,"pivot":{"x":-2.8918590545654299,"y":-5.169338226318359,"z":0.2973299026489258},"rotation":{"x":-0.252040296792984,"y":0.22983798384666444,"z":-0.061757829040288928,"w":-0.9379972219467163},"size":10.0,"orthographic":false}